step,portfolio_value,prev_prices,curr_prices,returns,action,expert_action,sub_expert_action,real_action,reward
1,0.9872551170363961,"[100.0, 100.0, 100.0, 100.0, 100.0]","[100.68621059967806, 99.80252232709879, 98.57569384610592, 99.51089296691946, 98.72551170363961]","[0.006862105996780627, -0.0019747767290121485, -0.014243061538940793, -0.004891070330805433, -0.012744882963603885]","[0.0, 0.0, 0.0, 0.0, 1.0]","[0.2, 0.2, 0.2, 0.2, 0.2]","[0.20318304345824126, 0.19064826077469318, 0.1994788714205602, 0.19845471266382633, 0.20823511168267894]","[0.0, 0.0, 0.0, 0.0, 1.0]",-0.012826795707619267
2,0.9877366876761626,"[100.68621059967806, 99.80252232709879, 98.57569384610592, 99.51089296691946, 98.72551170363961]","[99.51984011644426, 98.63732065391152, 97.21642933596898, 101.52441076879327, 100.6262859175028]","[-0.011584212736649908, -0.011675072393144205, -0.013789043293562718, 0.020234144643272108, 0.019253120911330895]","[0.20000000298023224, 0.20000000298023224, 0.20000000298023224, 0.20000000298023224, 0.20000000298023224]","[0.2, 0.2, 0.2, 0.2, 0.2]","[0.20856153876343111, 0.20370054797608736, 0.2166370733542512, 0.2012156188875864, 0.1698852210186438]","[0.20000000298023224, 0.20000000298023224, 0.20000000298023224, 0.20000000298023224, 0.20000000298023224]",0.00048768339779707196
3,0.9923363279240491,"[99.51984011644426, 98.63732065391152, 97.21642933596898, 101.52441076879327, 100.6262859175028]","[99.58167502484203, 99.35174302619386, 97.33670120052481, 102.83165325740782, 99.88465235962583]","[0.0006213324732577937, 0.0072429215184081725, 0.0012371557500860898, 0.012876139627065637, -0.007370177196890534]","[0.20214052498340607, 0.3828641474246979, 0.0, 0.23790425062179565, 0.17709104716777802]","[0.2, 0.2, 0.2, 0.2, 0.2]","[0.194852200301391, 0.20611717387565306, 0.18546795746207237, 0.2052388242378631, 0.20832384412302046]","[0.20214052498340607, 0.3828641474246979, 0.0, 0.23790425062179565, 0.17709104716777802]",0.004435697920169395
4,0.9756894172665822,"[99.58167502484203, 99.35174302619386, 97.33670120052481, 102.83165325740782, 99.88465235962583]","[97.14339960709695, 98.18554351980738, 98.44030946359216, 102.69844953330991, 97.3155558414161]","[-0.02448518180816715, -0.011738088038163666, 0.011338048746831714, -0.0012953572161722947, -0.025720633325727847]","[0.0, 0.6397377252578735, 0.0, 0.0, 0.36026230454444885]","[0.2, 0.2, 0.2, 0.2, 0.2]","[0.19291051250554508, 0.21197439311887623, 0.19470380592980452, 0.2004585526697274, 0.19995273577604672]","[0.0, 0.6397377252578735, 0.0, 0.0, 0.36026230454444885]",-0.017245024510746852
5,0.9595930132327072,"[97.14339960709695, 98.18554351980738, 98.44030946359216, 102.69844953330991, 97.3155558414161]","[97.83028517075611, 98.45006977746316, 97.16599654168894, 104.91645109907435, 95.58772212985711]","[0.007070841317447356, 0.002694146695866791, -0.012945031652653607, 0.021597225428851653, -0.017754959077402148]","[0.0, 0.0, 0.0, 0.0319548174738884, 0.968045175075531]","[0.2, 0.2, 0.2, 0.2, 0.2]","[0.20570353535639135, 0.20599095142346033, 0.1951093838702784, 0.18905451072302784, 0.20414161862684196]","[0.0, 0.0, 0.0, 0.0319548174738884, 0.968045175075531]",-0.018250681377169432
6,0.942517815277163,"[97.83028517075611, 98.45006977746316, 97.16599654168894, 104.91645109907435, 95.58772212985711]","[97.14893934569317, 99.12550278773698, 96.48311002726918, 103.04954591468301, 94.87252474125427]","[-0.006964569548925522, 0.006860665632848933, -0.007028040042040551, -0.017794208294640013, -0.007482105156049657]","[0.0, 0.0, 0.0, 1.0, 0.0]","[0.2, 0.2, 0.2, 0.2, 0.2]","[0.20297828443101482, 0.19635822544825632, 0.19981452708885838, 0.1938152905102344, 0.207033672521636]","[0.0, 0.0, 0.0, 1.0, 0.0]",-0.019037541730299697
7,0.9441047212879765,"[97.14893934569317, 99.12550278773698, 96.48311002726918, 103.04954591468301, 94.87252474125427]","[96.16437733758153, 99.80019222239764, 96.98485516082657, 104.28259775154099, 93.6319479820623]","[-0.010134562608122658, 0.006806416267117598, 0.005200341628867304, 0.011965621254448345, -0.013076249025472766]","[0.0, 0.05827821418642998, 0.313981831073761, 0.313981831073761, 0.3137580454349518]","[0.2, 0.2, 0.2, 0.2, 0.2]","[0.19531322754207464, 0.21068260242484213, 0.1948548715583937, 0.19734854616480135, 0.20180075230988814]","[0.0, 0.058278221637010574, 0.3139818608760834, 0.3139818608760834, 0.31375807523727417]",0.0010466893690600399
8,0.9505842297534344,"[96.16437733758153, 99.80019222239764, 96.98485516082657, 104.28259775154099, 93.6319479820623]","[95.39074122999459, 100.94392014375919, 98.52834506126261, 104.54062171737864, 94.20051913105186]","[-0.008044934403007851, 0.011460177539666747, 0.015914751822607025, 0.002474276354837339, 0.006072405426174487]","[0.09175144135951996, 0.3871740400791168, 0.0, 0.0, 0.5210745334625244]","[0.2, 0.2, 0.2, 0.2, 0.2]","[0.2088567520860034, 0.2030677382890684, 0.1912595200994854, 0.20224699342445596, 0.1945689961009867]","[0.09175144135951996, 0.3871740400791168, 0.0, 0.0, 0.5210745334625244]",0.006122049123915834
9,0.9398547247118524,"[95.39074122999459, 100.94392014375919, 98.52834506126261, 104.54062171737864, 94.20051913105186]","[93.00824891118403, 100.68840298773227, 98.41915971944424, 104.97377148269801, 94.07834567900198]","[-0.024976138020210852, -0.002531278314365215, -0.0011081617350873567, 0.004143363203735039, -0.0012969509422757074]","[0.5299073457717896, 0.0, 0.0, 0.47009265422821045, 0.0]","[0.2, 0.2, 0.2, 0.2, 0.2]","[0.20649945951759596, 0.1865485588585386, 0.19873352477401526, 0.20376262524292355, 0.20445583160692685]","[0.5299073457717896, 0.0, 0.0, 0.47009265422821045, 0.0]",-0.01220748562909156
10,0.931720251197168,"[93.00824891118403, 100.68840298773227, 98.41915971944424, 104.97377148269801, 94.07834567900198]","[92.77462758528988, 100.82400396564668, 97.77771626954899, 104.42939327181672, 92.7149046906401]","[-0.0025118344730609803, 0.0013467387890830765, -0.006517465214331856, -0.005185849790783373, -0.014492612285232853]","[0.4872454106807709, 0.0, 0.0, 0.0, 0.5127545595169067]","[0.2, 0.2, 0.2, 0.2, 0.2]","[0.1999586428743573, 0.19315110183638148, 0.21086649655944897, 0.20181773979982906, 0.1942060189299831]","[0.4872454106807709, 0.0, 0.0, 0.0, 0.5127545595169067]",-0.00950166309875103
11,0.927859053683655,"[92.77462758528988, 100.82400396564668, 97.77771626954899, 104.42939327181672, 92.7149046906401]","[93.01216761996429, 100.35754730192943, 98.22683776790603, 101.47444113203258, 92.38706856482705]","[0.0025603986871953113, -0.004626444550607079, 0.004593290940841034, -0.02829617263113621, -0.003535959260346912]","[0.0, 0.5577338337898254, 0.0, 0.0, 0.4422661364078522]","[0.2, 0.2, 0.2, 0.2, 0.2]","[0.1964343648689396, 0.1896148987730228, 0.19938552284768962, 0.2207576885923637, 0.19380752491798423]","[0.0, 0.5577338337898254, 0.0, 0.0, 0.4422661364078522]",-0.004829984921647551
12,0.9353160695726617,"[93.01216761996429, 100.35754730192943, 98.22683776790603, 101.47444113203258, 92.38706856482705]","[93.69336615875682, 99.69406880211697, 99.01626703203206, 101.83211557879079, 95.34749231354982]","[0.007323757269864071, -0.006611147020326793, 0.008036798110016737, 0.003524773753548692, 0.03204370259508209]","[0.0, 0.0, 1.0, 0.0, 0.0]","[0.2, 0.2, 0.2, 0.2, 0.2]","[0.20136422991266273, 0.2094970575237882, 0.19517252812067426, 0.19520047567660975, 0.1987657087662651]","[0.0, 0.0, 1.0, 0.0, 0.0]",0.007023565285410226
13,0.9355678051697514,"[93.69336615875682, 99.69406880211697, 99.01626703203206, 101.83211557879079, 95.34749231354982]","[93.93345943209408, 101.27179713364659, 99.04291676030444, 101.15449532406939, 94.4594888630139]","[0.002562542933193845, 0.015825699066022176, 0.0002691449503317824, -0.006654288294709025, -0.0093133382849307]","[0.0, 0.0, 1.0, 0.0, 0.0]","[0.2, 0.2, 0.2, 0.2, 0.2]","[0.20332482941166724, 0.18432788434815833, 0.20536841416684548, 0.21018936738136745, 0.19678950469196155]","[0.0, 0.0, 1.0, 0.0, 0.0]",-0.0007072203995105394
14,0.9377715992330136,"[93.93345943209408, 101.27179713364659, 99.04291676030444, 101.15449532406939, 94.4594888630139]","[95.48909178069366, 100.44170153347747, 99.34312304761254, 100.70591033720595, 95.0097070226826]","[0.016561003480598555, -0.00819671047284422, 0.003031072762473614, -0.0044346520184427056, 0.005824911465132256]","[0.0, 0.2474280744791031, 0.0, 0.0, 0.7525718808174133]","[0.2, 0.2, 0.2, 0.2, 0.2]","[0.20471758310677923, 0.1944668615895377, 0.19698696021683734, 0.20798433323793106, 0.19584426184891468]","[0.0, 0.24742808938026428, 0.0, 0.0, 0.7525719404220581]",0.0012532065530296472
15,0.9264407754841978,"[95.48909178069366, 100.44170153347747, 99.34312304761254, 100.70591033720595, 95.0097070226826]","[97.00139272001647, 99.9779618750355, 98.14278874570996, 100.79570530533563, 95.56308076301961]","[0.015837420915009434, -0.004617003210438451, -0.012082711566529708, 0.0008916553937004223, 0.0058243916087952555]","[0.0, 0.0, 1.0, 0.0, 0.0]","[0.2, 0.2, 0.2, 0.2, 0.2]","[0.19758761221921775, 0.19023298693676188, 0.2017889466100117, 0.20906549415411296, 0.20132496007989564]","[0.0, 0.0, 1.0, 0.0, 0.0]",-0.013065828408478244
16,0.9277881613047405,"[97.00139272001647, 99.9779618750355, 98.14278874570996, 100.79570530533563, 95.56308076301961]","[99.94386105849668, 98.9550549935592, 97.41068684599404, 101.19428246813246, 95.37977451726773]","[0.03033428960111235, -0.01023132360664498, -0.00745955876200767, 0.003954306997400687, -0.0019181701164118804]","[0.10428234189748764, 0.016406409442424774, 0.439655601978302, 0.439655601978302, 0.0]","[0.2, 0.2, 0.2, 0.2, 0.2]","[0.21077927869632931, 0.1972505681448059, 0.19054575888486178, 0.20081446193466038, 0.2006099323393426]","[0.10428234934806824, 0.016406411305069923, 0.4396556317806244, 0.4396556317806244, 0.0]",0.000852039802812957
17,0.9356225947569003,"[99.94386105849668, 98.9550549935592, 97.41068684599404, 101.19428246813246, 95.37977451726773]","[101.08176283395744, 99.86459838209238, 96.97131957191188, 100.22621568850434, 95.84393298542396]","[0.011385409402932242, 0.009191479794462047, -0.004510462746010576, -0.009566417746308694, 0.004866424464782056]","[0.35064777731895447, 0.2987044155597687, 0.0, 0.0, 0.35064777731895447]","[0.2, 0.2, 0.2, 0.2, 0.2]","[0.1976160070398014, 0.1941869069565704, 0.21567651247623104, 0.19833424273535685, 0.1941863307920404]","[0.35064777731895447, 0.2987044155597687, 0.0, 0.0, 0.35064777731895447]",0.007660360952497857
18,0.9346517094042522,"[101.08176283395744, 99.86459838209238, 96.97131957191188, 100.22621568850434, 95.84393298542396]","[102.21326773248681, 99.97455021684054, 97.30035967999294, 99.71658730387169, 94.3303848168873]","[0.01119395691968733, 0.0011010091316591688, 0.0033931693363938448, -0.005084781273360015, -0.015791799453459827]","[0.20000000298023224, 0.20000000298023224, 0.20000000298023224, 0.20000000298023224, 0.20000000298023224]","[0.2, 0.2, 0.2, 0.2, 0.2]","[0.1983261742831967, 0.20314097244251123, 0.20042485462833293, 0.21353702327300833, 0.18457097537295084]","[0.20000000298023224, 0.20000000298023224, 0.20000000298023224, 0.20000000298023224, 0.20000000298023224]",-0.001525558855995301
19,0.9399094049249382,"[102.21326773248681, 99.97455021684054, 97.30035967999294, 99.71658730387169, 94.3303848168873]","[102.26226263808026, 100.40662153535696, 98.03947484984953, 97.04165887787606, 95.61019226559769]","[0.0004793399788535844, 0.004321813077220919, 0.007596222380754131, -0.02682531059596112, 0.013567287477886672]","[0.32830002903938293, 0.32830002903938293, 0.0, 0.015099931508302689, 0.32830002903938293]","[0.2, 0.2, 0.2, 0.2, 0.2]","[0.20747155142051457, 0.19428105446269078, 0.20014586282157487, 0.1959128639416144, 0.20218866735360533]","[0.32830002903938293, 0.32830002903938293, 0.0, 0.015099931508302689, 0.32830002903938293]",0.004911771147840609
20,0.9380053841470597,"[102.26226263808026, 100.40662153535696, 98.03947484984953, 97.04165887787606, 95.61019226559769]","[103.86393725465611, 100.25120434852336, 97.1262013270132, 97.30662495806499, 95.51313443728186]","[0.015662421065768792, -0.0015478778636016, -0.009315365308056033, 0.002730436425477624, -0.0010151410222689124]","[0.11940925568342209, 0.0, 0.5230357050895691, 0.3575550615787506, 0.0]","[0.2, 0.2, 0.2, 0.2, 0.2]","[0.1891040612031822, 0.20387963069880694, 0.20880564555744122, 0.20117984189511842, 0.19703082064545124]","[0.11940925568342209, 0.0, 0.5230357050895691, 0.3575550615787506, 0.0]",-0.002552737403973101
21,0.9329936774349634,"[103.86393725465611, 100.25120434852336, 97.1262013270132, 97.30662495806499, 95.51313443728186]","[101.48573030777894, 99.41096673737327, 94.22599626463855, 97.33843128311032, 96.70219511288423]","[-0.022897330967207856, -0.008381321866508463, -0.029860171846008702, 0.0003268670047804549, 0.012449184948308368]","[0.4575079083442688, 0.0778096541762352, 0.0, 0.0, 0.4646824300289154]","[0.2, 0.2, 0.2, 0.2, 0.2]","[0.215486891091035, 0.19990007200095472, 0.21634884043405325, 0.18771669647594327, 0.18054749999801378]","[0.4575079083442688, 0.0778096541762352, 0.0, 0.0, 0.4646824300289154]",-0.006305398593461961
22,0.9457273560784736,"[101.48573030777894, 99.41096673737327, 94.22599626463855, 97.33843128311032, 96.70219511288423]","[102.51099724243214, 102.82894692264333, 93.1645432777997, 99.92629424920914, 97.51785878647156]","[0.010102572367010062, 0.03438232518450174, -0.01126496963595602, 0.02658624072717971, 0.008434799981894742]","[0.20000000298023224, 0.20000000298023224, 0.20000000298023224, 0.20000000298023224, 0.20000000298023224]","[0.2, 0.2, 0.2, 0.2, 0.2]","[0.20866375091457318, 0.20893520500077806, 0.20980149201465212, 0.178155213209484, 0.1944443388605126]","[0.20000000298023224, 0.20000000298023224, 0.20000000298023224, 0.20000000298023224, 0.20000000298023224]",0.013074019855371584
23,0.9577233132052915,"[102.51099724243214, 102.82894692264333, 93.1645432777997, 99.92629424920914, 97.51785878647156]","[102.55316625821176, 105.93164480160577, 95.10363120548958, 101.75924273320459, 99.5422132431904]","[0.00041136089701569793, 0.030173389612718277, 0.020813582715774992, 0.018343004689278353, 0.02075880748316506]","[0.31556692719459534, 0.0, 0.0, 0.684433102607727, 0.0]","[0.2, 0.2, 0.2, 0.2, 0.2]","[0.21839979898605807, 0.18953212954984525, 0.20157267328279183, 0.18742968552282094, 0.20306571265848386]","[0.31556692719459534, 0.0, 0.0, 0.684433102607727, 0.0]",0.011586023340152728
24,0.953118204464699,"[102.55316625821176, 105.93164480160577, 95.10363120548958, 101.75924273320459, 99.5422132431904]","[102.11767957714912, 107.15688156792078, 92.50739917645328, 101.99794001892685, 98.20920994744081]","[-0.004246447934783009, 0.011566296063935316, -0.02729897897827524, 0.002345706191506269, -0.013391336723576229]","[0.0, 0.0, 0.0, 0.5453975796699524, 0.4546024203300476]","[0.2, 0.2, 0.2, 0.2, 0.2]","[0.1950051655177101, 0.19109710824468368, 0.19823390039546263, 0.21451855194751657, 0.20114527389462708]","[0.0, 0.0, 0.0, 0.5453975796699524, 0.4546024203300476]",-0.005856965234038836
25,0.9484595014425202,"[102.11767957714912, 107.15688156792078, 92.50739917645328, 101.99794001892685, 98.20920994744081]","[101.67125907299148, 106.4388416905627, 92.74319962517924, 98.14351704799944, 97.59808239524742]","[-0.004371627968890306, -0.006700828419525768, 0.00254899014376342, -0.03778922368640176, -0.006222711215378429]","[0.4449020028114319, 0.0, 0.4470652937889099, 0.10803274065256119, 0.0]","[0.2, 0.2, 0.2, 0.2, 0.2]","[0.18602934727664258, 0.2055403316168801, 0.20927547671975136, 0.19296354838281002, 0.20619129600391614]","[0.4449020028114319, 0.0, 0.4470652937889099, 0.10803274065256119, 0.0]",-0.005697499857153035
26,0.9447580174318476,"[101.67125907299148, 106.4388416905627, 92.74319962517924, 98.14351704799944, 97.59808239524742]","[103.07089985716337, 106.19061826303032, 90.75294452690173, 98.25044986280983, 97.87660032629047]","[0.013766336690756118, -0.0023320756181658916, -0.02145984941560257, 0.0010895555613530134, 0.0028537233950471303]","[0.0, 0.0, 0.277883917093277, 0.0, 0.7221161127090454]","[0.2, 0.2, 0.2, 0.2, 0.2]","[0.21236904336923418, 0.1766379870252521, 0.20691535611726528, 0.21391568870756267, 0.19016192478068575]","[0.0, 0.0, 0.277883917093277, 0.0, 0.7221161127090454]",-0.004975636076812162
27,0.9604854286313245,"[103.07089985716337, 106.19061826303032, 90.75294452690173, 98.25044986280983, 97.87660032629047]","[100.9887466469343, 105.43046210859178, 89.56213961643246, 99.88602764782446, 98.69214513848527]","[-0.02020117427047337, -0.007158411608035411, -0.013121391451009943, 0.01664702591487816, 0.008332377805073182]","[0.0, 0.0, 0.0, 1.0, 0.0]","[0.2, 0.2, 0.2, 0.2, 0.2]","[0.19235466283147445, 0.20273659667581367, 0.20683189563692894, 0.19881695230255422, 0.19925989255322854]","[0.0, 0.0, 0.0, 1.0, 0.0]",0.015011116789137732
28,0.9609827823233786,"[100.9887466469343, 105.43046210859178, 89.56213961643246, 99.88602764782446, 98.69214513848527]","[100.41681715807529, 107.53636019149245, 90.51973989049091, 99.9377501239333, 100.6315546193277]","[-0.005663299207569428, 0.019974284858313745, 0.010692020960637632, 0.0005178149269405074, 0.01965110271056567]","[0.0, 0.0, 0.0, 1.0, 0.0]","[0.2, 0.2, 0.2, 0.2, 0.2]","[0.19369266479976505, 0.18934423452018043, 0.20845329525756073, 0.20820492035678295, 0.20030488506571095]","[0.0, 0.0, 0.0, 1.0, 0.0]",-0.0009885620544473842
29,0.9545284354093052,"[100.41681715807529, 107.53636019149245, 90.51973989049091, 99.9377501239333, 100.6315546193277]","[99.98828954844694, 110.17096274698305, 89.81638445171087, 99.27994632156125, 101.40562550333703]","[-0.0042674884721128166, 0.0244996441278011, -0.007770188465310911, -0.006582135394846272, 0.007692128845047795]","[0.0, 0.0, 0.11301426589488983, 0.886985719203949, 0.0]","[0.2, 0.2, 0.2, 0.2, 0.2]","[0.187934111237046, 0.19635708217166364, 0.21686745501946933, 0.21422729590114406, 0.18461405567067687]","[0.0, 0.0, 0.11301426589488983, 0.886985719203949, 0.0]",-0.00803248687221563
30,0.9836505683924761,"[99.98828954844694, 110.17096274698305, 89.81638445171087, 99.27994632156125, 101.40562550333703]","[103.03887678814614, 108.96595745723316, 91.65523579054634, 100.04700384951299, 101.4420519119497]","[0.03050944519079015, -0.010937594259907561, 0.020473450919460172, 0.007726208125327606, 0.0003592148702980076]","[1.0, 0.0, 0.0, 0.0, 0.0]","[0.2, 0.2, 0.2, 0.2, 0.2]","[0.18053664843111927, 0.20551956484849093, 0.1971829083823327, 0.20914860876593835, 0.20761226957211878]","[1.0, 0.0, 0.0, 0.0, 0.0]",0.028738916891859402
31,0.9850963385491628,"[103.03887678814614, 108.96595745723316, 91.65523579054634, 100.04700384951299, 101.4420519119497]","[103.32795766555762, 109.87000700045346, 92.56068521538563, 101.49438914830297, 101.45565017849903]","[0.0028055515201883046, 0.008296623682447945, 0.009878861987856905, 0.014467052916118162, 0.00013404960066389592]","[0.5, 0.0, 0.0, 0.0, 0.5]","[0.2, 0.2, 0.2, 0.2, 0.2]","[0.19979425171078544, 0.21104491738425754, 0.18896831976177583, 0.19847378475710106, 0.20171872638608018]","[0.5, 0.0, 0.0, 0.0, 0.5]",0.0004935674097747536
32,0.9806106900301353,"[103.32795766555762, 109.87000700045346, 92.56068521538563, 101.49438914830297, 101.45565017849903]","[101.47708943224865, 110.01593031970798, 93.17693408859225, 102.52486264470143, 101.61582348547833]","[-0.017912559922065734, 0.0013281451711741406, 0.006657782100171628, 0.010153009491911278, 0.0015787519640108468]","[0.3056882619857788, 0.6943117380142212, 0.0, 0.0, 0.0]","[0.2, 0.2, 0.2, 0.2, 0.2]","[0.2104767892326448, 0.1946553368730237, 0.20903890585974808, 0.2012973574677001, 0.1845316105668834]","[0.3056882619857788, 0.6943117380142212, 0.0, 0.0, 0.0]",-0.005483304885511436
33,0.9813372293476033,"[101.47708943224865, 110.01593031970798, 93.17693408859225, 102.52486264470143, 101.61582348547833]","[101.95310510297072, 109.52256434348766, 92.56526495170749, 100.63566257247, 102.91722872195386]","[0.004690868386010322, -0.004484495788806118, -0.006564598233111903, -0.018426750580280517, 0.012807112040591909]","[0.24328139424324036, 0.23652701079845428, 0.24328139424324036, 0.04126826301217079, 0.2356419563293457]","[0.2, 0.2, 0.2, 0.2, 0.2]","[0.18947507013835085, 0.2010472767945958, 0.21679812740099944, 0.20859397012554926, 0.18408555554050451]","[0.24328139424324036, 0.23652701079845428, 0.24328139424324036, 0.04126826301217079, 0.2356419563293457]",5.401352308939829e-05
34,0.9793447949400746,"[101.95310510297072, 109.52256434348766, 92.56526495170749, 100.63566257247, 102.91722872195386]","[102.04273761410107, 107.78059186432182, 90.10646111997552, 102.41361039808474, 104.33441025151657]","[0.0008791543037342484, -0.0159051469403384, -0.026562921123974098, 0.017667174639352183, 0.01377010970040242]","[0.20000000298023224, 0.20000000298023224, 0.20000000298023224, 0.20000000298023224, 0.20000000298023224]","[0.2, 0.2, 0.2, 0.2, 0.2]","[0.21051321197664916, 0.1962998684759941, 0.1966547198254478, 0.21237524711941358, 0.18415695260249532]","[0.20000000298023224, 0.20000000298023224, 0.20000000298023224, 0.20000000298023224, 0.20000000298023224]",-0.002684701006979525
35,0.9915082828066806,"[102.04273761410107, 107.78059186432182, 90.10646111997552, 102.41361039808474, 104.33441025151657]","[103.38410125065147, 106.7705571296096, 88.85700029096593, 103.68559010726229, 105.0198811673674]","[0.013145116133821143, -0.00937121161835602, -0.013866495404208057, 0.01242002605155038, 0.006569940963852477]","[0.0, 0.0, 0.0, 1.0, 0.0]","[0.2, 0.2, 0.2, 0.2, 0.2]","[0.2134676123423597, 0.18196373949685443, 0.19228777341940548, 0.20938356626809188, 0.20289730847328843]","[0.0, 0.0, 0.0, 1.0, 0.0]",0.010891040140877618
36,1.0056124874725174,"[103.38410125065147, 106.7705571296096, 88.85700029096593, 103.68559010726229, 105.0198811673674]","[103.28905590644153, 105.02442744190597, 90.07251858875887, 105.01928930102933, 106.82089163403334]","[-0.0009193419787003953, -0.01635403742985052, 0.013679488321828049, 0.012862917521975235, 0.01714923352270529]","[0.0, 0.0, 0.0, 0.6822256445884705, 0.31777438521385193]","[0.2, 0.2, 0.2, 0.2, 0.2]","[0.20409234300616466, 0.21005409593422256, 0.20643141756746197, 0.19428048582782492, 0.18514165766432583]","[0.0, 0.0, 0.0, 0.6822256445884705, 0.31777438521385193]",0.013011378426432886
37,0.9908243808134333,"[103.28905590644153, 105.02442744190597, 90.07251858875887, 105.01928930102933, 106.82089163403334]","[103.2605102595348, 104.0057755909875, 88.29701325598215, 104.26041074703403, 108.38779864156909]","[-0.00027636661654253085, -0.009699189757372766, -0.019711953885547303, -0.007226087312589195, 0.014668544547483698]","[0.0, 0.5, 0.5, 0.0, 0.0]","[0.2, 0.2, 0.2, 0.2, 0.2]","[0.19156894874966163, 0.2021728887905378, 0.20716386301191475, 0.18673291552915655, 0.21236138391872936]","[0.0, 0.5, 0.5, 0.0, 0.0]",-0.01577008050683691
38,0.9888262267298469,"[103.2605102595348, 104.0057755909875, 88.29701325598215, 104.26041074703403, 108.38779864156909]","[100.48602990608187, 104.16837211057222, 89.13732304052269, 103.91036216121951, 108.0015525822513]","[-0.026868745336233138, 0.00156334125351029, 0.009516854008463369, -0.0033574449141950823, -0.003563556637911553]","[0.0, 0.0, 0.11491558700799942, 0.21228958666324615, 0.6727948188781738]","[0.2, 0.2, 0.2, 0.2, 0.2]","[0.20775368975923164, 0.1950677878609906, 0.19565548353443013, 0.20185245806273933, 0.1996705807826084]","[0.0, 0.0, 0.11491558700799942, 0.21228958666324615, 0.6727948188781738]",-0.0029684318481011484
39,0.9903133210357397,"[100.48602990608187, 104.16837211057222, 89.13732304052269, 103.91036216121951, 108.0015525822513]","[99.9287653027054, 102.06584154122945, 88.0366652836143, 102.87173480905032, 109.31269839551817]","[-0.005545692310635698, -0.020183963008570296, -0.012347888845708555, -0.009995416535626448, 0.012140064489057465]","[0.6013972759246826, 0.0, 0.0, 0.0, 0.3986027240753174]","[0.2, 0.2, 0.2, 0.2, 0.2]","[0.19699387500666576, 0.2067864072145917, 0.20121085034518865, 0.19038704430207204, 0.20462182313148178]","[0.6013972759246826, 0.0, 0.0, 0.0, 0.3986027240753174]",0.0005118031921324533
40,0.9965354283575978,"[99.9287653027054, 102.06584154122945, 88.0366652836143, 102.87173480905032, 109.31269839551817]","[101.00733709009579, 102.03427709366859, 89.06132166254731, 103.46868758912464, 109.99950662742954]","[0.010793406524369288, -0.00030925574202122455, 0.011638973098674713, 0.005802884350909187, 0.006282968419884238]","[0.0, 0.0, 0.0, 0.0, 1.0]","[0.2, 0.2, 0.2, 0.2, 0.2]","[0.19511388875146798, 0.20586608990075114, 0.18759335688807838, 0.1958783098668632, 0.21554835459283922]","[0.0, 0.0, 0.0, 0.0, 1.0]",0.005031132815442511
41,0.9986691592615935,"[101.00733709009579, 102.03427709366859, 89.06132166254731, 103.46868758912464, 109.99950662742954]","[99.95856037629233, 99.74592439705322, 91.10341425927817, 102.5558022948076, 111.37328616450988]","[-0.010383173579439903, -0.02242729366832916, 0.02292906234277914, -0.008822816985387056, 0.012488960898100717]","[0.0, 0.4583241641521454, 0.541675865650177, 0.0, 0.0]","[0.2, 0.2, 0.2, 0.2, 0.2]","[0.16700041102682298, 0.19777030895350964, 0.21599842288852053, 0.2101937112349441, 0.20903714589620268]","[0.0, 0.4583241641521454, 0.541675865650177, 0.0, 0.0]",0.0011570526980760139
42,1.0018043040253535,"[99.95856037629233, 99.74592439705322, 91.10341425927817, 102.5558022948076, 111.37328616450988]","[102.04434588441762, 102.47223299658398, 90.6064240728673, 100.75771781330248, 110.31363101059792]","[0.02086650208119638, 0.027332531288980774, -0.005455231183723224, -0.017532742577902542, -0.009514446330933804]","[0.20000000298023224, 0.20000000298023224, 0.20000000298023224, 0.20000000298023224, 0.20000000298023224]","[0.2, 0.2, 0.2, 0.2, 0.2]","[0.19652130637423254, 0.21245703946832878, 0.20044092582206618, 0.1972695991284083, 0.1933111292069642]","[0.20000000298023224, 0.20000000298023224, 0.20000000298023224, 0.20000000298023224, 0.20000000298023224]",0.0025126613545542863
43,0.9957104506376733,"[102.04434588441762, 102.47223299658398, 90.6064240728673, 100.75771781330248, 110.31363101059792]","[101.81555731975759, 101.28529051379466, 89.50074125929994, 100.87200150776314, 111.00505486248494]","[-0.002242050381891588, -0.011583064485663036, -0.012203139290412187, 0.001134242586482828, 0.006267800683857445]","[0.0, 0.30620354413986206, 0.3727303445339203, 0.0, 0.32106608152389526]","[0.2, 0.2, 0.2, 0.2, 0.2]","[0.18923913513719834, 0.19042187604998445, 0.2085428672329898, 0.20406982428496867, 0.2077262972948587]","[0.0, 0.30620357394218445, 0.3727303743362427, 0.0, 0.32106611132621765]",-0.006858401433233747
44,1.0000007819030718,"[101.81555731975759, 101.28529051379466, 89.50074125929994, 100.87200150776314, 111.00505486248494]","[101.24961688538424, 103.39258583159885, 88.65791793851436, 101.59672283664946, 111.8035100101102]","[-0.0055584868292374735, 0.02080554152645869, -0.009416942350720553, 0.007184563784337551, 0.007192962055776672]","[0.22170931100845337, 0.29662418365478516, 0.24653081595897675, 0.0, 0.2351357489824295]","[0.2, 0.2, 0.2, 0.2, 0.2]","[0.20123565459266313, 0.20459066849927562, 0.20377814930135205, 0.2002618874778696, 0.19013364012883974]","[0.22170928120613098, 0.29662415385246277, 0.24653078615665436, 0.0, 0.23513571918010712]",0.0036313056388464653
45,0.9986419917977464,"[101.24961688538424, 103.39258583159885, 88.65791793851436, 101.59672283664946, 111.8035100101102]","[100.02956475562014, 102.78424356952274, 88.32339129534537, 102.27740275357442, 112.09691548772616]","[-0.012049943173071087, -0.005883809338775483, -0.00377322918186489, 0.006699821587940176, 0.0026242957630706813]","[0.0, 0.4837346076965332, 0.0, 0.03253078833222389, 0.4837346076965332]","[0.2, 0.2, 0.2, 0.2, 0.2]","[0.19406717669219517, 0.19323462210152598, 0.19128451413801906, 0.207137443031045, 0.21427624403721496]","[0.0, 0.4837346076965332, 0.0, 0.03253078833222389, 0.4837346076965332]",-0.0021778357843174386
46,0.9951421519714208,"[100.02956475562014, 102.78424356952274, 88.32339129534537, 102.27740275357442, 112.09691548772616]","[101.14548306872537, 102.45707279875198, 85.9022778603657, 101.2043979774897, 111.70406073852224]","[0.011155884920938119, -0.0031830829260271467, -0.0274119165882534, -0.010491122644852418, -0.0035045991006499634]","[0.0, 0.0, 0.0, 0.0, 1.0]","[0.2, 0.2, 0.2, 0.2, 0.2]","[0.20609903912912445, 0.18900371066965407, 0.1974994276281554, 0.20415155237959673, 0.2032462701934694]","[0.0, 0.0, 0.0, 0.0, 1.0]",-0.004686122841324119
47,0.995362557549296,"[101.14548306872537, 102.45707279875198, 85.9022778603657, 101.2043979774897, 111.70406073852224]","[101.16788492217019, 101.0056420375924, 86.0981746842791, 100.26747480929465, 111.89271713326896]","[0.00022148150134987003, -0.014166232955049493, 0.002280461342734491, -0.009257731748015982, 0.001688894687439552]","[1.0, 0.0, 0.0, 0.0, 0.0]","[0.2, 0.2, 0.2, 0.2, 0.2]","[0.21043651690774456, 0.20665357846110863, 0.18608916948544443, 0.19915496896079526, 0.19766576618490708]","[1.0, 0.0, 0.0, 0.0, 0.0]",-0.0011111292914188738
48,0.9917192940308683,"[101.16788492217019, 101.0056420375924, 86.0981746842791, 100.26747480929465, 111.89271713326896]","[100.70677250707288, 101.75904807411132, 86.03806145409575, 99.26404552776063, 110.71822128206666]","[-0.004557893203480967, 0.007459049032513662, -0.0006981940140285412, -0.010007525206379373, -0.010496624635573203]","[0.20000000298023224, 0.20000000298023224, 0.20000000298023224, 0.20000000298023224, 0.20000000298023224]","[0.2, 0.2, 0.2, 0.2, 0.2]","[0.19677604608039126, 0.19487602209756502, 0.2086523173753612, 0.20170026598091068, 0.1979953484657719]","[0.20000000298023224, 0.20000000298023224, 0.20000000298023224, 0.20000000298023224, 0.20000000298023224]",-0.0042672082518865435
49,1.0000912950974692,"[100.70677250707288, 101.75904807411132, 86.03806145409575, 99.26404552776063, 110.71822128206666]","[101.55473334847484, 103.51735994911036, 86.28597259013442, 99.00909792505676, 110.14824798650302]","[0.008420097479962455, 0.017279169845598946, 0.002881412387132128, -0.002568378120681826, -0.005147962900447735]","[0.3799857497215271, 0.2400284707546234, 0.3799857497215271, 0.0, 0.0]","[0.2, 0.2, 0.2, 0.2, 0.2]","[0.2060991596022948, 0.19824268618392607, 0.19410332576900208, 0.21321444264302905, 0.18834038580174797]","[0.3799857795238495, 0.2400284856557846, 0.3799857795238495, 0.0, 0.0]",0.007627855658436986
50,1.0134497039741779,"[101.55473334847484, 103.51735994911036, 86.28597259013442, 99.00909792505676, 110.14824798650302]","[101.43831586381664, 103.1606256533938, 88.9015339508533, 101.05791752155602, 109.75189850333162]","[-0.0011463521277607527, -0.003446130155289276, 0.030312706482929972, 0.020693245766667583, -0.0035983276213342255]","[0.0, 0.0, 0.5, 0.0, 0.5]","[0.2, 0.2, 0.2, 0.2, 0.2]","[0.2026293940971204, 0.20246853795783312, 0.21011581667850762, 0.18996835624597952, 0.19481789502055935]","[0.0, 0.0, 0.5, 0.0, 0.5]",0.012380176088960321
51,1.0053483695476735,"[101.43831586381664, 103.1606256533938, 88.9015339508533, 101.05791752155602, 109.75189850333162]","[102.5948069359347, 102.08487269165528, 88.6161863362131, 98.91211503220966, 108.57915106575484]","[0.011400929345777733, -0.010427941425567785, -0.0032097040620013145, -0.021233393107360027, -0.010685441013498043]","[0.0, 0.5628049373626709, 0.39715576171875, 0.040039315819740295, 0.0]","[0.2, 0.2, 0.2, 0.2, 0.2]","[0.19897666986777957, 0.2097441804838757, 0.21419565804415214, 0.18503363510995813, 0.1920498564942346]","[0.0, 0.5628049373626709, 0.39715576171875, 0.040039315819740295, 0.0]",-0.0089652495106295
52,1.0041965420497476,"[102.5948069359347, 102.08487269165528, 88.6161863362131, 98.91211503220966, 108.57915106575484]","[102.47726407879914, 102.46962085348376, 88.00169567663275, 99.44231308372665, 111.18644550678712]","[-0.0011456998716217733, 0.0037689047523290255, -0.006934293665594617, 0.005360294351650826, 0.024012846070727883]","[1.0, 0.0, 0.0, 0.0, 0.0]","[0.2, 0.2, 0.2, 0.2, 0.2]","[0.18954117413786775, 0.20265385105846445, 0.21014785095358587, 0.19246737389277938, 0.20518974995730244]","[1.0, 0.0, 0.0, 0.0, 0.0]",-0.002428177045343929
53,1.0071216088549404,"[102.47726407879914, 102.46962085348376, 88.00169567663275, 99.44231308372665, 111.18644550678712]","[103.24719099679456, 102.30711494221796, 88.89276278571714, 100.303136469946, 110.05844587460336]","[0.0075131486473271804, -0.0015858935547166282, 0.01012556749313861, 0.008656510086350978, -0.010145118202514194]","[0.20000000298023224, 0.20000000298023224, 0.20000000298023224, 0.20000000298023224, 0.20000000298023224]","[0.2, 0.2, 0.2, 0.2, 0.2]","[0.19857452135692294, 0.19590414264908862, 0.1932441786919842, 0.21473550795432744, 0.19754164934767685]","[0.20000000298023224, 0.20000000298023224, 0.20000000298023224, 0.20000000298023224, 0.20000000298023224]",0.0023092857802902746
54,1.0093754880059262,"[103.24719099679456, 102.30711494221796, 88.89276278571714, 100.303136469946, 110.05844587460336]","[102.838271664385, 102.22730203029018, 89.38500978626183, 99.50962328924048, 112.07295961132797]","[-0.003960585546799512, -0.0007801306094191628, 0.005537537422830398, -0.007911150225529377, 0.018304035830379376]","[0.20000000298023224, 0.20000000298023224, 0.20000000298023224, 0.20000000298023224, 0.20000000298023224]","[0.2, 0.2, 0.2, 0.2, 0.2]","[0.21091105054303327, 0.19509322605322896, 0.1981825942968826, 0.197698951533101, 0.1981141775737542]","[0.20000000298023224, 0.20000000298023224, 0.20000000298023224, 0.20000000298023224, 0.20000000298023224]",0.001640611639020304
55,1.0084659240448304,"[102.838271664385, 102.22730203029018, 89.38500978626183, 99.50962328924048, 112.07295961132797]","[102.14362734764809, 101.69122051145574, 88.5615623113515, 98.64192097608893, 112.31650793353789]","[-0.006754725701768887, -0.0052440151328222865, -0.009212366557651811, -0.008719782916165202, 0.002173122964313159]","[0.34434258937835693, 0.0, 0.0, 0.0, 0.6556574106216431]","[0.2, 0.2, 0.2, 0.2, 0.2]","[0.1973134925428617, 0.1946500856596004, 0.20438025232560753, 0.2049482520510119, 0.19870791742091845]","[0.34434258937835693, 0.0, 0.0, 0.0, 0.6556574106216431]",-0.0017717963361816367
56,1.0121436737047116,"[102.14362734764809, 101.69122051145574, 88.5615623113515, 98.64192097608893, 112.31650793353789]","[102.11813133425876, 102.2493054095392, 89.74395027918249, 99.00165577988356, 113.23827391545878]","[-0.0002496094377239308, 0.005488034220423139, 0.013351028786892084, 0.0036468754889905095, 0.008206861118459363]","[0.0, 0.0, 0.0, 1.0, 0.0]","[0.2, 0.2, 0.2, 0.2, 0.2]","[0.18586273152953844, 0.2045129032554096, 0.20646908503915234, 0.20053522705753707, 0.20262005311836254]","[0.0, 0.0, 0.0, 1.0, 0.0]",0.0023178983657836413
57,1.0013002107160296,"[102.11813133425876, 102.2493054095392, 89.74395027918249, 99.00165577988356, 113.23827391545878]","[100.62993411898533, 101.30768012969959, 87.69435340430738, 100.44871670683052, 111.87477589790566]","[-0.014573290715653428, -0.009209111749640946, -0.022838273426777637, 0.01461653257763991, -0.012040964334824376]","[0.0, 0.46881014108657837, 0.0, 0.0, 0.5311897993087769]","[0.2, 0.2, 0.2, 0.2, 0.2]","[0.20957275164058983, 0.18996219852230697, 0.19923525259106425, 0.20666223590856778, 0.19456756133747108]","[0.0, 0.46881017088890076, 0.0, 0.0, 0.5311898589134216]",-0.011579193544413042
58,0.9992099408414935,"[100.62993411898533, 101.30768012969959, 87.69435340430738, 100.44871670683052, 111.87477589790566]","[100.41986353524396, 102.02784904631278, 87.71689102194706, 101.27509178857746, 110.52263194175892]","[-0.0020875556123586586, 0.007108729720107998, 0.0002570019250358938, 0.008226835631547077, -0.012086227170463187]","[1.0, 0.0, 0.0, 0.0, 0.0]","[0.2, 0.2, 0.2, 0.2, 0.2]","[0.20813974077318517, 0.18641659322518223, 0.20284826564402172, 0.20117849325926396, 0.20141690709834692]","[1.0, 0.0, 0.0, 0.0, 0.0]",-0.0033270524962871395
59,0.9940428291574555,"[100.41986353524396, 102.02784904631278, 87.71689102194706, 101.27509178857746, 110.52263194175892]","[98.7898421251406, 100.64976855611367, 88.38320889285225, 100.22134441948783, 109.95109761297115]","[-0.016232061593384712, -0.013506905252639092, 0.007596232186780014, -0.010404802903456562, -0.005171197235774652]","[0.0, 0.0, 0.0, 0.0, 1.0]","[0.2, 0.2, 0.2, 0.2, 0.2]","[0.1984950710554522, 0.1997523331943119, 0.20827558361063814, 0.2081086160807753, 0.1853683960588224]","[0.0, 0.0, 0.0, 0.0, 1.0]",-0.006357412708214775
60,0.9921048755025934,"[98.7898421251406, 100.64976855611367, 88.38320889285225, 100.22134441948783, 109.95109761297115]","[99.56396792439564, 100.46173712816385, 88.47467729642688, 101.06294834982728, 108.36428670196285]","[0.007836087016663447, -0.001868175462768138, 0.0010349070227299772, 0.008397452011986755, -0.01443196971615407]","[0.0, 0.0, 0.8070409297943115, 0.0, 0.19295910000801086]","[0.2, 0.2, 0.2, 0.2, 0.2]","[0.18569324279768654, 0.19440980342450376, 0.21216908919686991, 0.18502107978720278, 0.22270678479373696]","[0.0, 0.0, 0.8070409297943115, 0.0, 0.19295910000801086]",-0.0030521595502432095
61,0.9897950080002649,"[99.56396792439564, 100.46173712816385, 88.47467729642688, 101.06294834982728, 108.36428670196285]","[98.67094422459392, 101.09512614145534, 86.89804370591622, 101.17462548129548, 108.16340499148707]","[-0.008969346224528116, 0.006304778629135658, -0.01782016774391023, 0.0011050254647393652, -0.0018537630485980505]","[0.04474363103508949, 0.6164121031761169, 0.32695579528808594, 0.011888467706739902, 0.0]","[0.2, 0.2, 0.2, 0.2, 0.2]","[0.20224293960997478, 0.19436288461468515, 0.19372468641426854, 0.2053472449292191, 0.2043222444318524]","[0.04474363103508949, 0.6164121031761169, 0.32695579528808594, 0.011888467706739902, 0.0]",-0.0032290881235909636
62,0.9854693251150265,"[98.67094422459392, 101.09512614145534, 86.89804370591622, 101.17462548129548, 108.16340499148707]","[100.51086338290365, 104.08013763598801, 86.51827478671464, 101.50065105737951, 108.04973487017031]","[0.01864702089119284, 0.02952675968133175, -0.004370281573734961, 0.0032224045755850977, -0.0010509110851836135]","[0.0, 0.0, 1.0, 0.0, 0.0]","[0.2, 0.2, 0.2, 0.2, 0.2]","[0.1981097786118331, 0.19337845284431812, 0.21130751937758438, 0.20269982811081141, 0.194504421055453]","[0.0, 0.0, 1.0, 0.0, 0.0]",-0.005698068471170264
63,0.9937522166194328,"[100.51086338290365, 104.08013763598801, 86.51827478671464, 101.50065105737951, 108.04973487017031]","[102.62836814876296, 104.66263818826343, 85.51060896153635, 101.06852445745562, 109.24759594677718]","[0.021067421914311053, 0.005596654323351002, -0.0116468552760951, -0.004257377617012566, 0.011086200980004141]","[0.5, 0.0, 0.0, 0.5, 0.0]","[0.2, 0.2, 0.2, 0.2, 0.2]","[0.2084880052228958, 0.20383785839995422, 0.19888395649020246, 0.1902567248560654, 0.19853345503088207]","[0.5, 0.0, 0.0, 0.5, 0.0]",0.007499526351086753
64,1.0096913584312537,"[102.62836814876296, 104.66263818826343, 85.51060896153635, 101.06852445745562, 109.24759594677718]","[103.9530076297492, 106.21193975574094, 83.7003097949954, 102.6895981185731, 107.82593608729502]","[0.012907147457183863, 0.014802814015548558, -0.02117046280602722, 0.01603935220999355, -0.013013191248389216]","[0.0, 0.0, 0.0, 1.0, 0.0]","[0.2, 0.2, 0.2, 0.2, 0.2]","[0.19518902163708055, 0.20182341489073777, 0.20788108316872014, 0.18870705926230408, 0.20639942104115738]","[0.0, 0.0, 0.0, 1.0, 0.0]",0.01464473122920479
65,1.0118712196810327,"[103.9530076297492, 106.21193975574094, 83.7003097949954, 102.6895981185731, 107.82593608729502]","[105.16714426311006, 105.1840682062186, 82.83613200574003, 104.12678301785128, 107.9060447692023]","[0.011679668160110119, -0.009677551807133688, -0.010324666555858432, 0.013995428218724723, 0.0007429444604350213]","[0.0, 0.5, 0.0, 0.5, 0.0]","[0.2, 0.2, 0.2, 0.2, 0.2]","[0.2003890027449224, 0.20410213675563182, 0.1869282628118419, 0.1955099399652127, 0.21307065772239117]","[0.0, 0.5, 0.0, 0.5, 0.0]",0.0012108048393459875
66,1.0116938447077353,"[105.16714426311006, 105.1840682062186, 82.83613200574003, 104.12678301785128, 107.9060447692023]","[104.66973728103697, 107.25812979084138, 83.24503616470771, 103.27560349649765, 110.25907653461253]","[-0.004729680410724675, 0.019718400514386662, 0.004936301938136757, -0.008174453264418093, 0.02180630168071752]","[0.0, 0.0, 0.6101219654083252, 0.3898780941963196, 0.0]","[0.2, 0.2, 0.2, 0.2, 0.2]","[0.20694520276376477, 0.19238103200762463, 0.21909839435452821, 0.18854709252690183, 0.19302827834718048]","[0.0, 0.0, 0.6101219654083252, 0.3898780941963196, 0.0]",-0.0010958460766100119
67,1.021412076550716,"[104.66973728103697, 107.25812979084138, 83.24503616470771, 103.27560349649765, 110.25907653461253]","[104.52697980209953, 106.4753868130026, 84.28510174249917, 104.47312043951362, 113.18459703314046]","[-0.0013638849455993025, -0.0072977496378611745, 0.01249402517807296, 0.01159535168493671, 0.02653314892955367]","[0.20840972661972046, 0.0, 0.7915902733802795, 0.0, 0.0]","[0.2, 0.2, 0.2, 0.2, 0.2]","[0.20933569652242648, 0.19835299839651443, 0.18004846582646852, 0.19545503580739018, 0.2168078034472004]","[0.20840972661972046, 0.0, 0.7915902733802795, 0.0, 0.0]",0.008514773741076202
68,1.0089120012439192,"[104.52697980209953, 106.4753868130026, 84.28510174249917, 104.47312043951362, 113.18459703314046]","[103.24777511173538, 105.61506615707508, 82.98901825490125, 104.36068319748085, 114.89510899358797]","[-0.012238033594638112, -0.00807999559032795, -0.015377373471738792, -0.0010762312981535396, 0.015112586034534954]","[1.0, 0.0, 0.0, 0.0, 0.0]","[0.2, 0.2, 0.2, 0.2, 0.2]","[0.2089094649084026, 0.1892565138989072, 0.19988236710487198, 0.18857290551221406, 0.21337874857560413]","[1.0, 0.0, 0.0, 0.0, 0.0]",-0.013548097898156792
69,0.9945727218732173,"[103.24777511173538, 105.61506615707508, 82.98901825490125, 104.36068319748085, 114.89510899358797]","[101.97620292613614, 106.85848407228879, 82.32207681510106, 104.67658064637111, 112.42737174984173]","[-0.012315734496197488, 0.011773111171132057, -0.008036502344824505, 0.003026977585921743, -0.021478174879349835]","[0.0, 0.03106365166604519, 0.46368131041526794, 0.0, 0.5052549839019775]","[0.2, 0.2, 0.2, 0.2, 0.2]","[0.18883750611646113, 0.2048517355735219, 0.19866893033722877, 0.20912758312682905, 0.19851424484595917]","[0.0, 0.031063653528690338, 0.46368134021759033, 0.0, 0.5052550435066223]",-0.015207935057971415
70,0.989151385578229,"[101.97620292613614, 106.85848407228879, 82.32207681510106, 104.67658064637111, 112.42737174984173]","[100.53852798896963, 106.27645154788638, 83.75314340963045, 104.35184743508007, 111.79856996010746]","[-0.01409814148706683, -0.005446760072028234, 0.017383752328596316, -0.003102252760701833, -0.0055929599700453156]","[0.0, 0.9715474843978882, 0.0, 0.0, 0.028452478349208832]","[0.2, 0.2, 0.2, 0.2, 0.2]","[0.17842606422832466, 0.20439377473670617, 0.20068404300430576, 0.20514487263243505, 0.21135124539822825]","[0.0, 0.971547544002533, 0.0, 0.0, 0.02845248021185398]",-0.006664852654503929
71,0.991083648112975,"[100.53852798896963, 106.27645154788638, 83.75314340963045, 104.35184743508007, 111.79856996010746]","[101.69284822223456, 107.77362421369278, 84.1266042782672, 102.64739706735664, 111.3595360784202]","[0.011481371931281603, 0.014087529683203641, 0.0044590668891097175, -0.016333686557718306, -0.003927008027418506]","[0.20000000298023224, 0.20000000298023224, 0.20000000298023224, 0.20000000298023224, 0.20000000298023224]","[0.2, 0.2, 0.2, 0.2, 0.2]","[0.20756819481924133, 0.1844155800775333, 0.19345231610011868, 0.22257490891180834, 0.1919890000912983]","[0.20000000298023224, 0.20000000298023224, 0.20000000298023224, 0.20000000298023224, 0.20000000298023224]",0.0013687893137038919
72,0.9852720246543828,"[101.69284822223456, 107.77362421369278, 84.1266042782672, 102.64739706735664, 111.3595360784202]","[100.40910093453714, 107.2303967674337, 84.65500307266295, 102.08807646475452, 111.46963402105278]","[-0.01262377158413328, -0.005040448905958415, 0.006280995161149743, -0.005448950665890637, 0.0009886709886708408]","[0.4432547688484192, 0.0, 0.0, 0.12718968093395233, 0.4295555651187897]","[0.2, 0.2, 0.2, 0.2, 0.2]","[0.2071248079015299, 0.20413330762815363, 0.1905816414103005, 0.1945357193480524, 0.2036245237119637]","[0.4432547688484192, 0.0, 0.0, 0.12718968093395233, 0.4295555651187897]",-0.006656054457300536
73,0.9712632676010121,"[100.40910093453714, 107.2303967674337, 84.65500307266295, 102.08807646475452, 111.46963402105278]","[100.18715035390024, 107.42776891090365, 82.05654675123533, 100.63657167678255, 111.71753407740582]","[-0.0022104627824683265, 0.00184063613881816, -0.030694657458074332, -0.014218161789668905, 0.002223924556047365]","[0.0, 0.0, 0.0, 1.0, 0.0]","[0.2, 0.2, 0.2, 0.2, 0.2]","[0.19518033598115064, 0.2131452243273652, 0.18888341965092123, 0.19304484541010844, 0.2097461746304544]","[0.0, 0.0, 0.0, 1.0, 0.0]",-0.015560863448964679
74,0.9751155241988739,"[100.18715035390024, 107.42776891090365, 82.05654675123533, 100.63657167678255, 111.71753407740582]","[100.65183873471734, 106.9097691040864, 82.51523518401116, 100.39082526056758, 113.60185338397726]","[0.004638203394104404, -0.004821842732737627, 0.00558990660631139, -0.002441919593646746, 0.016866817927308098]","[0.20000000298023224, 0.20000000298023224, 0.20000000298023224, 0.20000000298023224, 0.20000000298023224]","[0.2, 0.2, 0.2, 0.2, 0.2]","[0.20044433078312487, 0.19791346076571856, 0.21455342564407573, 0.1987377404418295, 0.18835104236525135]","[0.20000000298023224, 0.20000000298023224, 0.20000000298023224, 0.20000000298023224, 0.20000000298023224]",0.0033769152226142732
75,0.9931167235895857,"[100.65183873471734, 106.9097691040864, 82.51523518401116, 100.39082526056758, 113.60185338397726]","[102.5099301845422, 108.00397960717787, 81.35961499874733, 99.12772206449996, 112.46793601255536]","[0.018460581278819225, 0.010234897262065557, -0.01400493112195299, -0.012581858877932258, -0.00998150415371509]","[1.0, 0.0, 0.0, 0.0, 0.0]","[0.2, 0.2, 0.2, 0.2, 0.2]","[0.20809149173101074, 0.18119912455986342, 0.20357612242338882, 0.20953189932114583, 0.19760136196459124]","[1.0, 0.0, 0.0, 0.0, 0.0]",0.017069425345867036
76,1.0061142500393692,"[102.5099301845422, 108.00397960717787, 81.35961499874733, 99.12772206449996, 112.46793601255536]","[102.39684408381721, 107.11824102765407, 81.74198464831927, 100.82672989568495, 111.74235439231386]","[-0.00110317215631113, -0.008200980952232777, 0.00469974752926042, 0.01713958311358636, -0.006451453151594236]","[0.0, 0.0, 0.32572540640830994, 0.6742745637893677, 0.0]","[0.2, 0.2, 0.2, 0.2, 0.2]","[0.1878291823030837, 0.19534890296669524, 0.21993515227117996, 0.1943012036890691, 0.20258555876997178]","[0.0, 0.0, 0.32572540640830994, 0.6742745637893677, 0.0]",0.01206580418979148
77,1.0070126738980212,"[102.39684408381721, 107.11824102765407, 81.74198464831927, 100.82672989568495, 111.74235439231386]","[100.3027950356875, 106.31740487635132, 82.09534843808932, 102.36960709175737, 110.36247441354143]","[-0.020450328004402454, -0.0074761884028323395, 0.0043229166907352385, 0.01530226357304934, -0.01234876413940439]","[0.0, 0.0, 0.0, 0.4788873791694641, 0.5211126208305359]","[0.2, 0.2, 0.2, 0.2, 0.2]","[0.1996897148264932, 0.21094892345486235, 0.18658608752968947, 0.18796640316548793, 0.21480887102346707]","[0.0, 0.0, 0.0, 0.4788873791694641, 0.5211126208305359]",7.299706463360792e-07
78,1.0105924897369363,"[100.3027950356875, 106.31740487635132, 82.09534843808932, 102.36960709175737, 110.36247441354143]","[101.12935308997447, 104.66865326914326, 81.87090978814278, 103.70065869629235, 111.99286985559532]","[0.008240628329378953, -0.015507824039963891, -0.0027338777923062376, 0.013002410015522577, 0.014773096115483912]","[0.20000000298023224, 0.20000000298023224, 0.20000000298023224, 0.20000000298023224, 0.20000000298023224]","[0.2, 0.2, 0.2, 0.2, 0.2]","[0.20351790559837313, 0.19823259983607933, 0.2029130352577123, 0.20777214108745282, 0.18756431822038244]","[0.20000000298023224, 0.20000000298023224, 0.20000000298023224, 0.20000000298023224, 0.20000000298023224]",0.0029782092671503803
79,1.001354900052801,"[101.12935308997447, 104.66865326914326, 81.87090978814278, 103.70065869629235, 111.99286985559532]","[101.8411818247905, 101.60640452824292, 80.79516839282442, 104.22993990210288, 113.38098324786891]","[0.007038794504921948, -0.029256598277099522, -0.013139482608683039, 0.005103932920625292, 0.012394658642674684]","[0.2849728763103485, 0.29781991243362427, 0.29781991243362427, 0.0, 0.11938734352588654]","[0.2, 0.2, 0.2, 0.2, 0.2]","[0.2032382765686987, 0.19892448846137245, 0.20504218874333036, 0.1904034772694313, 0.2023915689571672]","[0.2849728763103485, 0.29781991243362427, 0.29781991243362427, 0.0, 0.11938734352588654]",-0.009850537705728277
80,1.009934410619687,"[101.8411818247905, 101.60640452824292, 80.79516839282442, 104.22993990210288, 113.38098324786891]","[101.06885145521964, 100.7820977727862, 80.75554433820875, 106.42005427954201, 114.47464114881973]","[-0.007583674459901537, -0.008112744066517874, -0.0004904260416046235, 0.0210123346468028, 0.009645867142992629]","[0.0, 0.0, 0.10634709149599075, 0.0, 0.8936529159545898]","[0.2, 0.2, 0.2, 0.2, 0.2]","[0.2121484144184535, 0.19073791817503938, 0.20657268061362608, 0.19501762847443815, 0.19552335831844284]","[0.0, 0.0, 0.10634709149599075, 0.0, 0.8936529159545898]",0.007442429854567661
81,1.0059709158916255,"[101.06885145521964, 100.7820977727862, 80.75554433820875, 106.42005427954201, 114.47464114881973]","[102.07318713808506, 100.68994537142392, 81.73065230193117, 104.38329215719672, 113.59123352066675]","[0.009937143525474866, -0.0009143727249063858, 0.012074811354606384, -0.019138893849792345, -0.007717059597544661]","[0.37568360567092896, 0.0, 0.0, 0.2486327588558197, 0.37568360567092896]","[0.2, 0.2, 0.2, 0.2, 0.2]","[0.19498870135062996, 0.2088200417192659, 0.1962016738278176, 0.20133749872335877, 0.19865208437892787]","[0.37568363547325134, 0.0, 0.0, 0.2486327737569809, 0.37568363547325134]",-0.004654115670150611
82,1.0027244938784032,"[102.07318713808506, 100.68994537142392, 81.73065230193117, 104.38329215719672, 113.59123352066675]","[100.27443158888903, 98.6790212549764, 82.43272357888867, 105.42570995540792, 113.80532433563744]","[-0.0176222140175036, -0.019971449075969188, 0.008590060854572527, 0.009986443008919167, 0.0018847476898975414]","[0.4508274793624878, 0.0, 0.5491725206375122, 0.0, 0.0]","[0.2, 0.2, 0.2, 0.2, 0.2]","[0.19890031341574374, 0.1951588124648965, 0.2104836338419773, 0.19139450697070062, 0.20406273330668193]","[0.4508274793624878, 0.0, 0.5491725206375122, 0.0, 0.0]",-0.004096579833600269
83,0.9889348871658671,"[100.27443158888903, 98.6790212549764, 82.43272357888867, 105.42570995540792, 113.80532433563744]","[100.60510571076753, 100.12182430199871, 83.1909799135284, 105.73233048301357, 112.24025768576325]","[0.003297691312120513, 0.014621173058600319, 0.009198486980890165, 0.0029084037255745, -0.013752139093760236]","[0.0, 0.0, 0.0, 0.0, 1.0]","[0.2, 0.2, 0.2, 0.2, 0.2]","[0.18770844430969957, 0.18840018987869292, 0.2111990556389371, 0.2068553121978276, 0.20583699797484287]","[0.0, 0.0, 0.0, 0.0, 1.0]",-0.015030910825864484
84,0.9805651781990736,"[100.60510571076753, 100.12182430199871, 83.1909799135284, 105.73233048301357, 112.24025768576325]","[98.0583101467736, 100.56338168307032, 84.42510446446867, 104.83748002722696, 109.43822078533837]","[-0.025314774493809426, 0.00441020111399218, 0.014834836087074244, -0.008463356966584335, -0.02496463352988449]","[0.0, 0.0, 0.0, 1.0, 0.0]","[0.2, 0.2, 0.2, 0.2, 0.2]","[0.20809601887098791, 0.21030745395293415, 0.19650150837099503, 0.1968134187336727, 0.18828160007141015]","[0.0, 0.0, 0.0, 1.0, 0.0]",-0.00975316643133501
85,0.9888078059755755,"[98.0583101467736, 100.56338168307032, 84.42510446446867, 104.83748002722696, 109.43822078533837]","[97.16950395407791, 102.60720128982624, 84.6590870739966, 104.50557566232833, 104.8191704851181]","[-0.009064057817897514, 0.02032369608648504, 0.002771481433302842, -0.003165894151714025, -0.042206920645032106]","[0.0, 0.49263912439346313, 0.0, 0.5073609352111816, 0.0]","[0.2, 0.2, 0.2, 0.2, 0.2]","[0.20565745764022691, 0.19948076850150992, 0.2105053372895424, 0.19267810386109657, 0.19167833270762422]","[0.0, 0.49263912439346313, 0.0, 0.5073609352111816, 0.0]",0.007498018009025458
86,0.9677526480076112,"[97.16950395407791, 102.60720128982624, 84.6590870739966, 104.50557566232833, 104.8191704851181]","[95.65892634986997, 99.01646881385689, 83.32579224243705, 101.93416087287575, 105.14240688367947]","[-0.015545799275890448, -0.03499493632836643, -0.015748986643267064, -0.024605527247284535, 0.003083752686320576]","[0.3655792474746704, 0.0, 0.0, 0.6344207525253296, 0.0]","[0.2, 0.2, 0.2, 0.2, 0.2]","[0.1949154996019049, 0.17977932490875578, 0.2251562826699906, 0.1974048157267279, 0.20274407709262085]","[0.3655792474746704, 0.0, 0.0, 0.6344207525253296, 0.0]",-0.02240809491349484
87,0.961182487856539,"[95.65892634986997, 99.01646881385689, 83.32579224243705, 101.93416087287575, 105.14240688367947]","[96.26677889240266, 97.81201648200236, 82.37118303965512, 101.48579036575599, 106.00583324904439]","[0.00635437345710403, -0.012164161641825471, -0.011456347153645791, -0.004398628519431618, 0.008211970706740016]","[0.0, 0.0, 0.3387017548084259, 0.6612982749938965, 0.0]","[0.2, 0.2, 0.2, 0.2, 0.2]","[0.2022791734998626, 0.17964180487771458, 0.2072922711541619, 0.20359528597939983, 0.20719146448886097]","[0.0, 0.0, 0.3387017548084259, 0.6612982749938965, 0.0]",-0.007761729866009083
88,0.9472454090372708,"[96.26677889240266, 97.81201648200236, 82.37118303965512, 101.48579036575599, 106.00583324904439]","[96.17547149625979, 95.75971387710575, 80.6411481312673, 102.80802621516615, 103.89504046857557]","[-0.0009484829262327431, -0.02098211118338654, -0.021002914424027984, 0.013028778163374489, -0.01991204366565216]","[0.0, 0.03215475007891655, 0.3947156071662903, 0.17841404676437378, 0.3947156071662903]","[0.2, 0.2, 0.2, 0.2, 0.2]","[0.19287470741553345, 0.20626327651115073, 0.21628328980549738, 0.19672167862352166, 0.18785704764429673]","[0.0, 0.03215475007891655, 0.3947156071662903, 0.17841404676437378, 0.3947156071662903]",-0.015369252248160367
89,0.9459325601010817,"[96.17547149625979, 95.75971387710575, 80.6411481312673, 102.80802621516615, 103.89504046857557]","[95.63628334119647, 94.06460239141995, 81.17043487711503, 102.73924187960723, 104.63382920030288]","[-0.005606295936737707, -0.01770171836416762, 0.006563482268210727, -0.0006690560853192375, 0.007110914326567567]","[0.668140172958374, 0.0, 0.0, 0.0, 0.3318597972393036]","[0.2, 0.2, 0.2, 0.2, 0.2]","[0.20087087273815527, 0.1922422191918573, 0.20305610981144412, 0.1908958722320031, 0.21293492602654018]","[0.668140172958374, 0.0, 0.0, 0.0, 0.3318597972393036]",-0.0023480427144664463
90,0.9458289593710958,"[95.63628334119647, 94.06460239141995, 81.17043487711503, 102.73924187960723, 104.63382920030288]","[94.98494882825118, 93.85767743646971, 81.55791399285273, 102.99621238711958, 104.6223694604191]","[-0.006810537697513461, -0.002199817462568824, 0.004773648389642292, 0.0025011913929973784, -0.00010952232152234899]","[0.0, 0.0, 0.0, 0.0, 1.0]","[0.2, 0.2, 0.2, 0.2, 0.2]","[0.1977808387070646, 0.17765607226298455, 0.22019152438181913, 0.21052277942015715, 0.19384878522797458]","[0.0, 0.0, 0.0, 0.0, 1.0]",-0.001402762982226815
91,0.9562048705872034,"[94.98494882825118, 93.85767743646971, 81.55791399285273, 102.99621238711958, 104.6223694604191]","[97.07598824940987, 93.27336577857655, 82.55220431043153, 103.60543860565498, 104.51674057842455]","[0.0220144290959155, -0.006225507319725393, 0.012191218103811921, 0.005915035168920304, -0.0010096204333673554]","[0.0, 0.0, 0.8054484724998474, 0.1945515275001526, 0.0]","[0.2, 0.2, 0.2, 0.2, 0.2]","[0.20648263521490093, 0.18799532791609366, 0.20268673151038175, 0.195856234745509, 0.20697907061311474]","[0.0, 0.0, 0.8054484724998474, 0.1945515275001526, 0.0]",0.009847734915017782
92,0.9636892401015872,"[97.07598824940987, 93.27336577857655, 82.55220431043153, 103.60543860565498, 104.51674057842455]","[98.00089430856093, 92.64357413831034, 81.40166813481308, 104.41637505879011, 106.43512249319342]","[0.009527650203001442, -0.006752105866548013, -0.013937073942834383, 0.007827161045297336, 0.018354781292949016]","[0.0, 0.0, 0.0, 1.0, 0.0]","[0.2, 0.2, 0.2, 0.2, 0.2]","[0.1831300691490447, 0.2099709605542979, 0.20082878677221794, 0.2111050161496251, 0.19496516737481437]","[0.0, 0.0, 0.0, 1.0, 0.0]",0.0065562237775334325
93,0.9585607601779221,"[98.00089430856093, 92.64357413831034, 81.40166813481308, 104.41637505879011, 106.43512249319342]","[97.59872178426555, 90.63869295670686, 79.48336314418933, 103.978846676137, 105.78723699260948]","[-0.004103763819023115, -0.021640801321096845, -0.02356591743853159, -0.004190227657364749, -0.006087140085035105]","[0.2759858965873718, 0.0, 0.0, 0.11494512856006622, 0.6090689897537231]","[0.2, 0.2, 0.2, 0.2, 0.2]","[0.2006616335145296, 0.20733195848538574, 0.20471447599272335, 0.17921425910385158, 0.20807767290350979]","[0.2759858965873718, 0.0, 0.0, 0.11494512856006622, 0.6090689897537231]",-0.006236776197034788
94,0.9533010154431332,"[97.59872178426555, 90.63869295670686, 79.48336314418933, 103.978846676137, 105.78723699260948]","[96.94207676686553, 91.70166142959673, 79.73134319290845, 105.09905896814223, 106.49011186981038]","[-0.00672800837342406, 0.011727535318692047, 0.0031198987927734297, 0.010773463332348365, 0.006644231357039815]","[0.9072046875953674, 0.0, 0.0, 0.0, 0.09279532730579376]","[0.2, 0.2, 0.2, 0.2, 0.2]","[0.21439570694712107, 0.19551577475138202, 0.20102558337960755, 0.18975498034840432, 0.19930795457348505]","[0.9072046875953674, 0.0, 0.0, 0.0, 0.09279532730579376]",-0.006635910640912743
95,0.9582620679865103,"[96.94207676686553, 91.70166142959673, 79.73134319290845, 105.09905896814223, 106.49011186981038]","[97.63023938549063, 92.75669057652662, 80.1038113162886, 105.30475127860944, 106.57402659338543]","[0.00709869895071519, 0.011505016708338351, 0.004671539553509908, 0.001957127994167516, 0.00078800484008918]","[0.20000000298023224, 0.20000000298023224, 0.20000000298023224, 0.20000000298023224, 0.20000000298023224]","[0.2, 0.2, 0.2, 0.2, 0.2]","[0.19888185202142933, 0.19629187057547162, 0.2070191180799999, 0.1989473958906172, 0.19885976343248196]","[0.20000000298023224, 0.20000000298023224, 0.20000000298023224, 0.20000000298023224, 0.20000000298023224]",0.004598516142959121
96,0.9639407932298311,"[97.63023938549063, 92.75669057652662, 80.1038113162886, 105.30475127860944, 106.57402659338543]","[98.79580049690303, 92.82231387098255, 79.60440515207634, 106.39268792912873, 107.02569169329955]","[0.011938525591545584, 0.0007074777468671242, -0.006234486923978724, 0.010331315893248538, 0.0042380410532612475]","[0.4678608775138855, 0.3133721649646759, 0.07718759775161743, 0.0, 0.14157937467098236]","[0.2, 0.2, 0.2, 0.2, 0.2]","[0.18489429292821857, 0.19756667620153107, 0.20032477183450917, 0.215775967017006, 0.2014382920187354]","[0.4678608775138855, 0.3133721649646759, 0.07718759775161743, 0.0, 0.14157937467098236]",0.005129002228256189
97,0.9530897519551241,"[98.79580049690303, 92.82231387098255, 79.60440515207634, 106.39268792912873, 107.02569169329955]","[96.99404670910134, 95.10080381744338, 79.89065400007004, 105.47521706145966, 107.6180188383889]","[-0.018237149542182887, 0.024546791083314163, 0.0035958920545521834, -0.008623439124690798, 0.005534438840972609]","[0.4966246485710144, 0.0, 0.17520488798618317, 0.3281704783439636, 0.0]","[0.2, 0.2, 0.2, 0.2, 0.2]","[0.20403347494968707, 0.20179448368757327, 0.1784832887166986, 0.21758796986734702, 0.1981007827786941]","[0.4966246485710144, 0.0, 0.17520488798618317, 0.3281704783439636, 0.0]",-0.012061779818243568
98,0.9474493638073245,"[96.99404670910134, 95.10080381744338, 79.89065400007004, 105.47521706145966, 107.6180188383889]","[97.60852220927345, 93.6230627043236, 80.36834976112969, 107.55944502460252, 106.1215302212942]","[0.0063351877875041426, -0.015538681628353698, 0.00597936976531987, 0.019760357183511653, -0.013905558132806783]","[0.0, 0.35342544317245483, 0.0, 0.2544039785861969, 0.39217060804367065]","[0.2, 0.2, 0.2, 0.2, 0.2]","[0.19098560781801271, 0.20599726586301076, 0.20340844480944645, 0.19260956106461802, 0.2069991204449121]","[0.0, 0.35342544317245483, 0.0, 0.2544039785861969, 0.39217060804367065]",-0.006658097346915478
99,0.9458463102213205,"[97.60852220927345, 93.6230627043236, 80.36834976112969, 107.55944502460252, 106.1215302212942]","[96.16609960612315, 93.48248763459394, 79.55042525844351, 109.21896120379311, 106.49883268923777]","[-0.014777629765336735, -0.0015015004387713975, -0.010177196683983336, 0.015428828019808036, 0.00355538095951683]","[0.0, 0.0, 0.4568046033382416, 0.08639077097177505, 0.4568046033382416]","[0.2, 0.2, 0.2, 0.2, 0.2]","[0.20459486445361227, 0.20587582208794533, 0.19224481782807026, 0.19981417499918705, 0.19747032063118514]","[0.0, 0.0, 0.4568046033382416, 0.08639077097177505, 0.4568046033382416]",-0.002525910725369178
